标题,链接,详情,发布时间,浏览量,图片链接
2019第二届中国“AI+”创新创业大赛--5G+AI技术创新大赛,http://www.52jingsai.com/article-9359-1.html,报名日期：2019年9月15日--2019年10月15日||2019第二届中国“AI+”创新创业大赛--5G+AI技术创新大赛（以下简称“大赛”）将于2019年9月至11月举行。,2019-9-2611:58, 2250,http://www.52jingsai.com/data/attachment/portal/201909/26/115829b7886ift60fpfi8h.png.thumb.jpg
中国智能机器人大赛暨第二十一届中国机器人及人工智能大赛,http://www.52jingsai.com/article-9305-1.html,报名截止时间：2019年9月30日||为引导和激励广大青年学生弘扬创新精神，搭建良好的科技创新赛事平台,2019-9-1914:45, 5244,http://www.52jingsai.com/data/attachment/portal/201909/19/144406zfkmyms4l7xfmesz.jpg.thumb.jpg
2019首届中国工业互联网大赛,http://www.52jingsai.com/article-9255-1.html,报名阶段：2019年9月-10月中下旬||为贯彻《国务院关于深化“互联网+先进制造业”发展工业互联网的指导意见》等系列文件精神，推进工业互联网创新发展应用,2019-9-1513:57, 8257,http://www.52jingsai.com/data/attachment/portal/201909/15/135548iy3g1jvxj0viiz32.jpg.thumb.jpg
2019年全国高校程序设计挑战赛（C、C++、Java、Python）,http://www.52jingsai.com/article-9241-1.html,主办单位：全国高等学校计算机教育研究会||报名截止日期：2019年11月15日||比赛形式：线上比赛||大赛官网：http://www.ncccu.org.cn/case4.html一、大赛前言为贯彻落实习近平主席在十九大报告中关于“...,2019-9-1122:38, 27045,http://www.52jingsai.com/data/attachment/portal/201909/11/222553bx4p5cjf5ppxxp8n.jpg.thumb.jpg
2019年全国高校人工智能算法挑战赛,http://www.52jingsai.com/article-9243-1.html,大赛名称：2019年全国高校人工智能算法挑战赛主办单位：全国高等学校计算机教育研究会报名截止日期：2019年11月15日大赛官网：http://www.ncccu.org.cn/case2.html一、大赛前言为贯彻落实习近平主席在十九大报告中关...,2019-9-1122:37, 3219,http://www.52jingsai.com/data/attachment/portal/201909/11/223714h44ngys24yw52wxi.jpg.thumb.jpg
2019年全国高校大数据算法挑战赛,http://www.52jingsai.com/article-9242-1.html,大赛名称：2019年全国高校大数据算法挑战赛主办单位：全国高等学校计算机教育研究会报名截止日期：2019年11月15日大赛官网：http://www.ncccu.org.cn/case1.html一、大赛前言为贯彻落实习近平主席在十九大报告中关于...,2019-9-1122:31, 3166,http://www.52jingsai.com/data/attachment/portal/201909/11/223119h9l6jd15n888s601.jpg.thumb.jpg
科大讯飞 iFLYTEK A.I.开发者大赛重磅启动,http://www.52jingsai.com/article-8459-1.html,初赛报名及作品提交时间：6月21日-8月21日||“iFLYTEKA.I.开发者大赛”是由科大讯飞发起的顶尖人工智能竞赛平台。汇聚产学研各界力量，面向全球开发者发起数据算法及创新应用类挑战，推动人工智能前沿科学研究和...,2019-7-1617:11, 4713,http://www.52jingsai.com/data/attachment/portal/201907/17/091526nqxnixjmaijammnn.jpg.thumb.jpg
中国科技云“开源科学软件创意大赛”启动,http://www.52jingsai.com/article-8253-1.html,报名时间：2019年5―7月||主办单位：“中国科技云”科学软件开源社区||我国科学计算科研领域，长期以来依赖国外商业软件，对科研信息化的发展带来较大的阻碍。开源软件的开放性特点非常符合科研领域的软件需求，...,2019-6-2411:36, 3017,http://www.52jingsai.com/data/attachment/portal/201906/24/113313nogvxexydbpco2gy.jpg.thumb.jpg
2019中国（天津）工业APP创新应用大赛,http://www.52jingsai.com/article-8046-1.html,报名及作品提交：2019年5月17日-7月30日||为贯彻落实《国务院关于深化“互联网+先进制造业”发展工业互联网的指导意见》，按照工业信息化部《工业互联网APP培育工程方案（2018-2020年）》有关要求，完成2020年培育...,2019-5-2115:59, 3507,http://www.52jingsai.com/data/attachment/portal/201905/21/155830otbp61hb66x1kkrb.png.thumb.jpg
上汽大通2019软件挑战赛,http://www.52jingsai.com/article-7921-1.html,大赛由上汽大通汽车有限公司主办，旨在提高广大学生的创新能力，通过业务模式和商业模式的变革，培养和发掘一批创造力人才，从而促进整个汽车行业的智能化发展。,2019-5-715:09, 4004,http://www.52jingsai.com/data/attachment/portal/201905/07/150919ho9ynz4w957wyypp.png.thumb.jpg
2019年全国大学生物联网设计竞赛,http://www.52jingsai.com/article-7699-1.html,报名截止日期：2019年4月30日||全国大学生物联网设计竞赛（以下简称“竞赛”）是以学科竞赛推动专业建设、培养大学生创新能力为目标，面向全国高校大学生举办的全国性竞赛。2019年竞赛以物联网行业项目和创新...,2019-4-1216:23, 15777,http://www.52jingsai.com/data/attachment/portal/201904/12/162142xszpg89kcky88kxm.png.thumb.jpg
2019“中科芯杯”大学生物联网应用设计邀请赛,http://www.52jingsai.com/article-7661-1.html,报名时间：3月29日―4月30日||国内高校在校本科生、研究生可报名参赛，重点面向电子类、通信类、计算机类、自动化类、电气类、仪器类等相关专业。具体竞赛子题包括智慧农业，智慧消防，智慧景区、园区，智能家居，...,2019-4-514:25, 2222,http://www.52jingsai.com/data/attachment/portal/201904/05/142120c22eirxmzq28m84i.png.thumb.jpg
中国高校计算机网络技术挑战赛,http://www.52jingsai.com/article-7522-1.html,报名截止时间：2019年5月5日||中国高校计算机大赛(ChinaCollegiateComputingContest，简称C4)由教育部高等学校计算机类专业教学指导委员会、教育部高等学校软件工程专业教学指导委员会、教育部高等学校大学计算...,2019-3-1814:36, 10120,http://www.52jingsai.com/data/attachment/portal/201903/18/143536u0ll0maos33dsoz3.png.thumb.jpg
2019年华为软件精英挑战赛,http://www.52jingsai.com/article-7432-1.html,报名时间：2019年3月8日至3月29日||华为软件精英挑战赛事华为公司面向在校大学生举办的大型软件竞赛，2015年至今，已成功举办四届,2019-3-815:49, 14046,http://www.52jingsai.com/data/attachment/portal/201903/08/154321qfmcysgtt9wt57f5.png.thumb.jpg
2019华为网络精英挑战赛,http://www.52jingsai.com/article-7430-1.html,报名时间：3月8日―4月7日||华为网络精英挑战赛是华为公司面向全国高校学生举办的大型技术竞赛，致力于让参赛学生感受网络技术改变世界的魅力，享受架构设计和数据分析的乐趣，锻炼学生与人沟通和团队协作能力。,2019-3-815:43, 15528,http://www.52jingsai.com/data/attachment/portal/201903/08/153927ntcfz7rdxrkxbr99.jpg.thumb.jpg
2019年（第12届）中国大学生计算机设计大赛,http://www.52jingsai.com/article-7081-1.html,决赛开始时间：2019年7月17日（各校级初赛时间请详询教务处）||根据全国教育大会精神，全面振兴本科教育，是当前一个时期高等学校面临的主要任务。为了全面提高本科教学质量，切实提高计算机基础教学水平，激励大...,2019-3-714:41, 80151,http://www.52jingsai.com/data/attachment/portal/201902/21/144405tvdxq2yhuvr6u2hy.png.thumb.jpg
第三届国产CPU并行应用挑战赛,http://www.52jingsai.com/article-6861-1.html,"参赛报名时间：2019年3月--6月20日||国产CPU并行应用挑战赛(简称CPC),英文全称""ChinaParallelapplicationChallengeondomesticCPU"",旨在更好地利用自主可控国产CPU在高性能计算领域的性能优势，进一步完...",2019-1-315:23, 3554,http://www.52jingsai.com/data/attachment/portal/201901/03/154658w5p2bjyjtj83x1h5.png.thumb.jpg
10w+奖学金：大学生网络安全能力大赛,http://www.52jingsai.com/article-6737-1.html,比赛时间：2018年12月3号-2019年2月22号||大学生网络安全能力大赛，是面向国内知名网络安全专业院校学生及爱好互联网安全的青年展开的奖学金大赛。旨在提升高校IT人才对网络安全的重视度，吸引更多的优秀人才进入...,2018-12-1014:39, 11835,http://www.52jingsai.com/data/attachment/portal/201812/10/143435c5grukbxkkib7vr9.jpg.thumb.jpg
2018年全国大学生C语言设计大赛,http://www.52jingsai.com/article-6292-1.html,大赛名称：2018年全国大学生C语言设计大赛（全国大学生计算机技能应用大赛专项赛）报名截止时间：2018年11月15日一、大赛背景为贯彻习近平主席在十九大报告中关于“推动互联网、大数据、人工智能和实体经济深度融合...,2018-9-2910:29, 81946,http://www.52jingsai.com/data/attachment/portal/201809/26/172923fgn95n5bn9ib7n8i.jpg.thumb.jpg
2018年全国大学生办公软件高级应用大赛（Word、Excel、Powerpoint）,http://www.52jingsai.com/article-6291-1.html,大赛主题：2018年全国大学生办公软件高级应用大赛（Word、Excel、Powerpoint）报名截止时间：2018年11月15日一、大赛背景为贯彻习近平主席在十九大报告中关于“推动互联网、大数据、人工智能和实体经济深度融合”...,2018-9-2617:10, 51861,http://www.52jingsai.com/data/attachment/portal/201809/26/171005ff9jdswddymiwimp.jpg.thumb.jpg
【福利多多】2018年全国大学生计算机技能应用大赛征集承办单位,http://www.52jingsai.com/article-6246-1.html,征集单位：中国软件行业协会培训中心、全国大学生计算机技能应用大赛组委会征集时间：2018年9月10日―10月31日征集对象：全国高校计算机院系、团委、学生会、计算机类社团组织征集目标：100个2018年全国大学生计算机...,2018-9-1912:03, 8964,http://www.52jingsai.com/data/attachment/portal/201809/19/120252krra4ac6dane6n46.png.thumb.jpg
2018年全国大学生计算机技能应用大赛,http://www.52jingsai.com/article-6216-1.html,报名截止日期：2018年11月15日||大赛科目：大数据算法赛，办公软件应用（Word、Excel、Powerpoint），高级语言程序，数据库||一、大赛背景为贯彻习近平主席在十九大报告中关于“推动互联网、大数据、人工智能和...,2018-9-1710:08, 207405,http://www.52jingsai.com/data/attachment/portal/201809/17/100756tl28uul5kbwjlkwq.png.thumb.jpg
"一张HPC China2018通行票,助你仗剑走天涯",http://www.52jingsai.com/article-6206-1.html,报到时间：2018年10月17日||HPCChina全国高性能计算学术年会，是中国高性能计算领域一年一度融合学术、技术、产业为一体的学术界、企业界规模最大、最富影响力的专业学术盛会！凡2018年9月20日24:00前，成功注册...,2018-9-1414:34, 3666,http://www.52jingsai.com/data/attachment/portal/201809/14/155032ieu21poigoqogz5o.jpg.thumb.jpg
趣味编程竞技携手一站式开发赋能！2018百度之星大赛正式启动,http://www.52jingsai.com/article-5456-1.html,报名时间：7月4日―8月3日（程序设计大赛）||7月4日-8月5日（开发者大赛）||7月4日，2018百度之星大赛正式启动。百度之星・程序设计大赛与百度之星・开发者大赛报名通道开启，怀揣梦想的技术咖们，还在等什么呢...,2018-7-1314:50, 5660,http://www.52jingsai.com/data/attachment/portal/201807/13/144840spyotpeoh0hh6f3f.png.thumb.jpg
2018中国高校计算机大赛――微信小程序应用开发赛,http://www.52jingsai.com/article-4799-1.html,注册报名、校园宣讲时间：3月30日―5月10日||参赛者需以微信小程序的开发技术为基础，结合实际应用需求进行创新设计，开发出具有适用场景和对应功能的原创性微信小程序。大赛评审会综合考量参赛作品在定位、产品和...,2018-4-1314:24, 33562,http://www.52jingsai.com/data/attachment/portal/201804/13/142111cuzcsa8abq1s11a1.jpg.thumb.jpg
第六届全国并行应用挑战赛（PAC2018）,http://www.52jingsai.com/article-4783-1.html,报名日期：2018年4月1日-7月25日（微信报名）||“PAC走进高校”活动始于2014年与PAC2014同步启动至今已是第5个年头，组织进行了30多场培训，为高校并行计算课程体系的建设提供了良好的平台，目前已经有华北理...,2018-4-1114:52, 6627,http://www.52jingsai.com/data/attachment/portal/201804/11/144542hg8cbdcoodt33k8d.png.thumb.jpg
2018腾讯广告算法大赛,http://www.52jingsai.com/article-4773-1.html,报名时间：2018年3月15日-5月9日||基于社交关系的广告已成为互联网广告行业中发展最为迅速的广告之一。腾讯社交广告依托于腾讯丰富的社交产品，植根于腾讯海量的数据，借助强大的数据分析、机器学习和云计算能力打...,2018-4-917:51, 7930,http://www.52jingsai.com/data/attachment/portal/201804/26/104050b5pb900btptggp83.jpg.thumb.jpg
2018・阿里云校园公益极客挑战赛,http://www.52jingsai.com/article-4430-1.html,大赛名称：2018・阿里云校园公益极客挑战赛||报名截止日期：2018年4月15日||大赛简介“阿里云校园公益极客挑战赛”通过校园组队完成公益技术题目的比拼，大赛为期4个月，在校大学生将通过大赛的专区进行网上报名、上...,2018-3-1618:22, 302179,http://www.52jingsai.com/data/attachment/portal/201803/16/181933en5vv9gt0z3zxnt2.jpg.thumb.jpg
第七届“中国软件杯”大学生软件设计大赛（报名截止时间延期至5月20日）,http://www.52jingsai.com/article-4370-1.html,大赛截止时间：2018年延期至5月20日||大赛名称：第七届“中国软件杯”大学生软件设计大赛||各院校：为贯彻落实《国家中长期教育改革和发展规划纲要(2010-2020年)》，科学引导高校青年学子积极参加科研活动，切实增强...,2018-3-1311:05, 19235,http://www.52jingsai.com/data/attachment/portal/201803/08/150302cwhysw3pyrrjyuqq.png.thumb.jpg
2018国际广告算法大赛,http://www.52jingsai.com/article-4362-1.html,大赛名称：2018国际广告算法大赛||报名截止日期：2018年4月22日||本次大赛面向全社会开放，高等院校、科研单位、互联网企业等人员均可报名参赛。由阿里妈妈，IJCAI2018，天池主办。,2018-3-711:09, 8372,http://www.52jingsai.com/data/attachment/portal/201803/07/110413t678ak8t0k8tak88.png.thumb.jpg
2018届华为软件精英挑战赛,http://www.52jingsai.com/article-4350-1.html,大赛名称：2018届华为软件精英挑战赛作品提交截止日期：2018年4月15日大赛介绍华为软件精英挑战赛是华为公司面向在校大学生举办的大型软件竞赛，从2015年至今已成功举办三届。在软件精英挑战赛的舞台上，我们相信您...,2018-3-511:48, 21745,http://www.52jingsai.com/data/attachment/portal/201803/05/114810gapaatffzktysakm.jpg.thumb.jpg
第二届JoblabXTM大学生计算机能力联赛,http://www.52jingsai.com/article-4325-1.html,大赛名称：第二届JoblabXTM大学生计算机能力联赛初赛开始日期：2018年3月12日随着近年科技创新以及创新型企业的迅猛发展，优秀的IT工程师已经成为科技类企业跨越式发展的核心要素之一，IT岗位也成为近年来...,2018-2-216:49, 10113,http://www.52jingsai.com/data/attachment/portal/201802/02/164851q8jj7vgnrd2r6x75.png.thumb.jpg
2018年(第11届)中国大学生计算机设计大赛,http://www.52jingsai.com/article-4093-1.html,大赛名称：2018年(第11届)中国大学生计算机设计大赛报名截止日期：2018年7月前（各赛区、各学校不一样，请详询各学校教务处或团委）主办单位：教育部高等学校计算机类专业教学指导委员会、软件工程专业教学指导委员...,2017-12-2315:15, 55525,http://www.52jingsai.com/data/attachment/portal/201712/23/151429a4ccf4vt9fq7e8i1.jpg.thumb.jpg
第二届智慧中国杯精品旅行服务成单预测数据竞赛,http://www.52jingsai.com/article-4086-1.html,大赛名称：第二届智慧中国杯精品旅行服务成单预测数据竞赛||大赛截止日期：2018年2月7日23:59:59||竞赛背景#第二届智慧中国杯首发#皇包车（HIGUIDES）是一个为中国出境游用户提供全球中文包车游服务的平台。拥有...,2017-12-2018:12, 6354,http://www.52jingsai.com/data/attachment/portal/201712/21/102523so6rdftsw3mdwkat.png.thumb.jpg
第三届下一代互联网技术创新大赛,http://www.52jingsai.com/article-3937-1.html,大赛名称：第三届下一代互联网技术创新大赛||报名截止时间：2017年10月15日||为响应“网络强国”和“创新驱动”的战略部署，推动我国下一代互联网技术的发展，更好地发挥中国教育和科研计算机网（CERNET）在互联网创...,2017-9-2110:25, 12071,http://www.52jingsai.com/data/attachment/portal/201709/20/115122ygiw7grzjrw41g6a.jpg.thumb.jpg
2017年全国大学生“互联网+”创新大赛暨第五届“发现杯”全国大学生互联网软件设计大奖赛,http://www.52jingsai.com/article-3910-1.html,大赛名称：2017年全国大学生“互联网+”创新大赛暨第五届“发现杯”全国大学生互联网软件设计大奖赛||报名截止时间：2018年1月31号||为贯彻落实国务院《关于积极推进“互联网+”行动的指导意见》（国发〔2015〕40号...,2017-9-1210:32, 55400,http://www.52jingsai.com/data/attachment/portal/201709/11/182447mkueljcmeljbjpc1.jpg.thumb.jpg
腾讯NEXT IDEA高校游戏创意制作大赛,http://www.52jingsai.com/article-3810-1.html,每个游戏玩家都幻想能够主宰自己的游戏世界，成就自己的游戏梦。这一次打造一款属于自己的梦想游戏的机会来了！由共青团中央学校部、全国学联秘书处主办，腾讯、全国学校共青团研究中心承办的“腾讯NEXTIDEA游戏...,2017-7-2609:59, 7101,http://www.52jingsai.com/data/attachment/portal/201707/26/095902jq1nu7qeqkq3qqnm.png.thumb.jpg
2017百度之星大赛，Create for more“两赛一星”超能力者集结令,http://www.52jingsai.com/article-3776-1.html,大赛名称：2017百度之星大赛程序设计大赛／开发者大赛报名截止日期：2017年7月25日谁说超级英雄只存在漫画电影还有天马行空的想象？2017年5月，我们将见证这样一群“超能力”拥有者――当有人止步的时候，你们在思索...,2017-7-1315:47, 5555,http://www.52jingsai.com/data/attachment/portal/201707/13/154716px56xttzistactzm.jpg.thumb.jpg
智慧校园全球大学生创意应用大赛,http://www.52jingsai.com/article-3772-1.html,一、竞赛背景大数据时代，对数据的有效利用将是众多企业的核心竞争力，金融风控、交通导航、商品推荐等无不是对数据价值的完美阐释。在现代化的校园中，一卡通、公共wifi、信息化办公等技术/工具的使用，在便利了...,2017-7-1109:47, 11563,http://www.52jingsai.com/data/attachment/portal/201707/11/095142to71sg78qioqiqzi.png.thumb.jpg
大师赛-DataCastle大数据竞赛,http://www.52jingsai.com/article-3713-1.html,DataCastle推出了迄今为止DC平台规格最高的一场数据竞赛，由堡主周涛教授亲自设计赛题，并邀请到国内外复杂网络领域顶级专家学者作为大赛的ABM（AcademicBoardMember），担任大赛评委并为大赛提供学术指导。,2017-6-1911:30, 8124,http://www.52jingsai.com/data/attachment/portal/201706/19/113003w66gga9a62p9a990.png.thumb.jpg
第一届国产CPU并行应用挑战赛（CPC）,http://www.52jingsai.com/article-3661-1.html,大赛名称：第一届国产CPU并行应用挑战赛（CPC）报名截止日期：2017年8月10日第一届国产CPU并行应用挑战赛（简称CPC2017）旨在更好地利用自主可控国产CPU在高性能计算领域的性能优势，进一步完善其软件生态环境，推...,2017-5-2616:57, 5121,http://www.52jingsai.com/data/attachment/portal/201705/26/165552qoubsysphuroo0ec.jpg.thumb.jpg
第五届“英特尔杯”全国并行应用挑战赛（PAC）,http://www.52jingsai.com/article-3627-1.html,"大赛名称：第五届“英特尔杯”全国并行应用挑战赛（简称PAC）报名截止日期：2017年7月31日""英特尔杯""全国并行应用挑战赛（简称PAC）旨在通过培养选拨学生“理论实践相结合”的能力，寻找最佳应用，发现顶尖优...",2017-5-2015:50, 6507,http://www.52jingsai.com/data/attachment/portal/201705/20/155401jjtt5afjtgj00bjb.png.thumb.jpg
2017年第三届全国移动互联创新大赛【最新官方线上宣讲会信息，见底部】,http://www.52jingsai.com/article-3612-1.html,大赛名称：2017年第三届全国移动互联创新大赛报名截止日期：2017年8月大赛简介：全国移动互联创新大赛是由国家工业和信息化部、中国科学技术协会指导，中国通信学会、全国移动互联网产业孵化中心联合主办的国家级赛...,2017-5-1812:09, 14772,http://www.52jingsai.com/data/attachment/portal/201705/18/120922nfpplp8qvzmnhc7m.jpg.thumb.jpg
第四届全国高校移动互联网应用开发创新大赛,http://www.52jingsai.com/article-3585-1.html,大赛名称：第四届全国高校移动互联网应用开发创新大赛报名截止日期：2017年9月1日关于举办“第四届全国高校移动互联网应用开发创新大赛”的通知各有关高校：为进一步提高高校学生在移动互联网领域的应用创新能力，培...,2017-5-1210:29, 13744,http://www.52jingsai.com/data/attachment/portal/201705/12/102913ee488e8yrfy2r28a.jpg.thumb.jpg
首届腾讯社交广告高校算法大赛,http://www.52jingsai.com/article-3578-1.html,大赛名称：首届腾讯社交广告高校算法大赛报名截止日期：5月31日12:00前大赛简介腾讯社交广告高校算法大赛是面向高校大学生的算法大赛，作为腾讯核心的广告业务单元，腾讯社交广告通过对海量社交数据进行深入分...,2017-5-1114:27, 7940,http://www.52jingsai.com/data/attachment/portal/201705/11/142920ykwl04qessb8ew66.jpg.thumb.jpg
微软2017编程之美挑战赛,http://www.52jingsai.com/article-3527-1.html,报名截止日期：2017年5月5日大赛简介：编程之美挑战赛是微软面向学生开展的大型编程比赛，自2012年以来已成功举办了五届比赛，先后有来自国内外77000+高校学生参加过编程之美大赛。现已成为以解决挑战性问题为目标...,2017-4-2011:22, 14169,http://www.52jingsai.com/data/attachment/portal/201704/20/112413dnzdmpmqfqrqtqrq.jpg.thumb.jpg
第十届“英特尔杯” 全国大学生软件创新大赛,http://www.52jingsai.com/article-3518-1.html,大赛名称：第十届“英特尔杯”全国大学生软件创新大赛报名截止日期：2017年5月31日大赛简介为了进一步提升大学生创新思维，全面推动软件行业发展，促进软件专业技术人才培养，为国家软件产业输出有创新能力和实...,2017-4-1711:35, 12318,http://www.52jingsai.com/data/attachment/portal/201704/17/113453himcav6ihvijdc5y.jpg.thumb.jpg
2017华为“创想杯”校园开发者大赛,http://www.52jingsai.com/article-3389-1.html,大赛名称：2017华为“创想杯”校园开发者大赛报名截止日期：2017年4月28日24:00【大赛简介】华为“创想杯”校园开发者大赛是一个激励大学生释放潜能、实现梦想的平台。大赛设有最佳应用、最佳主题两个类别，目前已...,2017-3-1313:56, 14331,http://www.52jingsai.com/data/attachment/portal/201703/13/135553yw1d0n1h9gw5dqr8.jpg.thumb.jpg
【比赛经验分享】IT牛人赛战纪―教你如何在IT应用开发类大赛获奖,http://www.52jingsai.com/article-3388-1.html,地点：“青蓝讲堂”微信公众号（qlclass）时间：2017年3月16日19时主讲嘉宾：周江南硕士研究生就读于华中科技大学软件工程专业在校期间，参加IBM中国研究院实习期间获得过IBM校园之星。参加互联网开发创新大赛多...,2017-3-1312:42, 5826,http://www.52jingsai.com/data/attachment/portal/201703/13/124550h48ci4zt2a4yyc9k.jpg.thumb.jpg
阿里云API创新大赛，百万大奖、30家VC投资！,http://www.52jingsai.com/article-3368-1.html,大赛名称：阿里云API创新大赛报名截止日期：2017年5、6月份活动介绍云时代，API（ApplicationProgramInterface）成为服务交付、能力复制、数据输出的最佳载体。众多企业通过API的形式对外提供服务和数据，这...,2017-3-515:20, 18766,http://www.52jingsai.com/data/attachment/portal/201703/05/151941ukzwilgkljc0ijcz.png.thumb.jpg
2017华为软件精英挑战赛,http://www.52jingsai.com/article-3364-1.html,大赛名称：2017华为软件精英挑战赛报名截止日期：2017年4月5日大赛介绍2017华为软件精英挑战赛是华为公司面向全球大学生举办的大型软件竞赛，在软件精英挑战赛的舞台上，我们相信您可以充分展示软件设计与编程的...,2017-3-314:59, 17519,http://www.52jingsai.com/data/attachment/portal/201703/03/145928p9rrcnemrere4cf2.jpg.thumb.jpg
2017年“全国大学生信息安全竞赛”安徽省赛,http://www.52jingsai.com/article-3194-1.html,报名截止日期：2017年9月20日24时//竞赛项目:1.全国大学生信息安全竞赛项目2.安徽省大学生网络攻防赛3.安徽省大学生程序设计大赛(含青少年组邀请赛),2017-1-711:58, 7249,http://www.52jingsai.com/data/attachment/portal/201701/07/131811mwk67k707qa6j74e.png.thumb.jpg
GMGC北京2017：独立游戏开发大赛(IPA),http://www.52jingsai.com/article-3164-1.html,报名截止日期：2017年2月24日//独立游戏开发者大赛是投资者、创新者、行业专家以及独立游戏开发者的乐园，同时也是对接潜在投资者与合作伙伴的最佳平台。多年以来，GMGC作为第三方中立平台始终坚持自己出资打造独立...,2016-12-2910:26, 4072,http://www.52jingsai.com/data/attachment/portal/201612/29/103817coheyeq7e4ezzx48.jpg.thumb.jpg
2016大数据应用创新大赛,http://www.52jingsai.com/article-3085-1.html,报名截止日期：2016年12月15日//支持单位：无锡市人民政府、中国电子学会、江苏省大数据产业联盟、中关村大数据产业联盟，主办单位：无锡市信息化和无线电管理局//本次大赛以“政务数据与互联网数据融合应用”为主题...,2016-12-610:27, 13682,http://www.52jingsai.com/data/attachment/portal/201612/06/111225ejn455m8d87n9b3u.png.thumb.jpg
2016全国大学生软件测试大赛,http://www.52jingsai.com/article-3005-1.html,报名截止日期：2016年12月4日//参赛资格（个人参赛）：全日制在校大学生，包括专科生、本科生和研究生。其他人员可参加预选赛，但成绩不计入总决赛排名竞争。//奖励：大赛奖金总计15万元，按三个分项（开发者测试、...,2016-11-1609:37, 8115,http://www.52jingsai.com/data/attachment/portal/201611/16/101457a7o7l73tpvrop5d9.jpg.thumb.jpg
2017年(第10届)中国大学生计算机设计大赛,http://www.52jingsai.com/article-3003-1.html,报名日期：2016年11月8日开始（截止时间详询各学校教务处）/主办单位：教育部高等学校计算机类专业教学指导委员会、软件工程专业教学指导委员会、大学计算机课程教学指导委员会、文科计算机基础教学指导分委员会、中...,2016-11-1510:54, 29493,http://www.52jingsai.com/data/attachment/portal/201611/15/110715cm2p2zczftwwmf2w.png.thumb.jpg
2017年第四届全国虚拟仪器大赛,http://www.52jingsai.com/article-3002-1.html,报名截止日期：2017年1月30日//主办方：中国仪器仪表学会、教育部高等学校仪器科学与技术教学指导委员会//大赛分为软件组、创意孵化组、工程应用组、职业技能组四个组别。经过初赛作品评审，软件组入围决赛者将到承...,2016-11-1510:25, 5379,http://www.52jingsai.com/data/attachment/portal/201611/15/104836u9l8faa0ft5lltm0.png.thumb.jpg
2016中国电子“i+”创新创效创意大赛,http://www.52jingsai.com/article-2997-1.html,项目征集截止日期：2016年11月25日//主办单位：中国电子信息产业集团有限公司//参赛对象:包括来自中国电子成员单位团队或个人，产业园区入驻企业团队或个人。,2016-11-1410:31, 8503,http://www.52jingsai.com/data/attachment/portal/201611/14/103110vvvbx8sjasfvomvv.png.thumb.jpg
腾讯GAD联合HTC VIVE启动VR游戏开发者大赛,http://www.52jingsai.com/article-2990-1.html,报名截止日期：2016年12月28日//主办方：腾讯GAD游戏开发者平台//奖项：最佳游戏奖1名：20000元+证书+奖杯+HTCVive；最佳创意奖1名：10000元+证书+奖杯+HTCVive；最佳视觉奖1名：10000元+证书+奖杯+HTCVive；...,2016-11-1210:00, 2911,http://www.52jingsai.com/data/attachment/portal/201611/12/102548lkgoszo962g2n9ln.png.thumb.jpg
第四届发现杯全国大学生互联网软件设计大奖赛,http://www.52jingsai.com/article-2958-1.html,报名截止日期：2017年1月31日//主办方：中国电子商务协会、杭州市商务委员会、杭州经济技术开发区//本次大赛分App开发与设计和网络营销技能两个板块。设一等奖10个、二等奖20个、三等奖70个。颁发相应奖金和获奖证书...,2016-11-511:03, 15616,http://www.52jingsai.com/data/attachment/portal/201611/06/110920xqw4zvqyp1opqy40.jpg.thumb.jpg
2016年腾讯微校应用开发大赛,http://www.52jingsai.com/article-2920-1.html,报名截止日期：2016年12月17日//腾讯微校应用开发大赛，旨在鼓励并发掘有潜力的微校应用开发者，并将开发者创造的应用通过平台能力推向市场，实现更大的社会价值。在腾讯微校应用中心，已经有多款应用获得了千万级...,2016-10-3009:31, 7817,http://www.52jingsai.com/data/attachment/portal/201610/30/093309ne6upcklekxv5i8l.png.thumb.jpg
第八届蓝桥杯全国软件和信息技术专业人才大赛,http://www.52jingsai.com/article-2857-1.html,报名截止时间：2016年12月15日//大赛项目：JAVA软件开发、C/C++程序设计、嵌入式设计与开发、单片机设计与开发//为贯彻落实《国家中长期教育改革和发展规划纲要(2010-2020年)》和《国务院关于印发进一步鼓励软件产业...,2016-10-1915:54, 9286,http://www.52jingsai.com/data/attachment/portal/201610/19/155803nisl59am9sxcqyb9.jpg.thumb.jpg
“车库杯”2016年智能家电创新大赛,http://www.52jingsai.com/article-2571-1.html,报名截止时间：2016年10月29日//主办方：合肥市经济与信息化委员会、合肥经济技术开发区管理委员会//奖项：一等奖，人民币10万元；二等奖，人民币5万元；三等奖，人民币3万元；创意奖，人民币0.5万元；优秀奖，人.....,2016-10-1915:00, 3998,http://www.52jingsai.com/data/attachment/portal/201608/30/104504sggsx0m2x23wlg42.png.thumb.jpg
2016“ROBO”世界大学生医疗机器人创意大赛【中国赛区】,http://www.52jingsai.com/article-2826-1.html,报名截止时间：2016年10月30日//主办方：世界医疗机器人协会、深圳市南山区科学技术协会//终极大奖:中国赛区前三名队伍将获得组委会推荐直接参加2017年12月于瑞士举办的世界医疗机器人创意大赛总决赛，冲刺80，0...,2016-10-1410:15, 5201,http://www.52jingsai.com/data/attachment/portal/201610/14/103008xtpvntfiiravr0n2.jpg.thumb.jpg
2017年第六届ASC世界大学生超级计算机竞赛,http://www.52jingsai.com/article-2823-1.html,"报名截止日期：2017年1月//奖项：1、冠军：1支，奖金100,000RMB2、亚军：1支，奖金50,000RMB3、ePrize：1支，奖金27,182RMB4、最佳LINPACK奖：1支，奖金10,000RMB5、创新应用奖：4支，奖金10,000RMB6、...",2016-10-1409:16, 7924,http://www.52jingsai.com/data/attachment/portal/201610/13/212758d1urkd1qdjr2tvrj.png.thumb.jpg
2016CCF大数据与计算智能大赛,http://www.52jingsai.com/article-2785-1.html,报名截止日期：2016年11月14日//主办单位：中国计算机学会(CCF)//大赛面向大数据重点行业和应用领域征集需求，以大数据前沿技术、行业应用问题为导向，以大数据促进行业发展及产业升级为目标。大赛至今已成功举办三...,2016-10-510:18, 7749,http://www.52jingsai.com/data/attachment/portal/201610/05/110100sdwtoibwpy55dftp.png.thumb.jpg
全国高校科普H5制作大赛,http://www.52jingsai.com/article-2732-1.html,征集截止时间：2016年11月//主办单位:中国科学报社//奖品:一等奖：奖金5000元二等奖：奖金3000元三等奖：奖金1500元组织奖：奖金3000元//参赛选手:高校在读本科及研究生，专业不限。,2016-9-2509:46, 17372,http://www.52jingsai.com/data/attachment/portal/201609/25/104533bg3hc355ggfhmz9f.png.thumb.jpg
2016全国大学生移动应用创新大赛,http://www.52jingsai.com/article-2725-1.html,报名截止时间：2016年9月30日23：59//主办单位:中国教育电视台，光明日报，中国互联网协会，宿豫区人民政府，长治国家高新技术产业开发区//全国大学生移动应用创新大赛（ChinaMobileApplicationInnovationTourna...,2016-9-1611:35, 8961,http://www.52jingsai.com/data/attachment/portal/201609/23/115422so96cmc5dw8ub1d6.png.thumb.jpg
"2016中国西安""华山杯""网络安全技能大赛",http://www.52jingsai.com/article-2554-1.html,报名截止时间:2016年9月9日12时//参赛对象：面向全国网络安全爱好者//比赛内容:题目包括Web渗透、二进制漏洞挖掘利用、密码分析、取证分析、逆向分析、安全编程、移动安全等网络安全各项技术等专业知识。比赛题目专...,2016-8-2710:22, 3574,http://www.52jingsai.com/data/attachment/portal/201608/26/162845so96ko494leiiebb.jpg.thumb.jpg
洪荒之力往哪使：阿里云安全算法挑战赛（线上赛） ！,http://www.52jingsai.com/article-2543-1.html,报名截止时间：2016年9月18日//主办方：阿里云//奖励设置包括35万元奖金池，阿里云人才招聘绿色通道，以及与全国算法、安全专家切磋交流的机会。//线上赛环节共分两个赛题――《Webshell通信检测》和《钓鱼网站检测...,2016-8-2509:03, 4783,http://www.52jingsai.com/data/attachment/portal/201608/25/090554f29js2jabx9sc7av.jpg.thumb.jpg
第一届百度前端技术竞赛,http://www.52jingsai.com/article-2509-1.html,"报名截止时间：2016年9月11日/主办方：百度,北京邮电大学//奖项：最高奖一名，奖金10000元优胜奖三名，奖金6000元//面向全国各大院校，对前端技术、人机交互、用户体验有兴趣、有想法的青年才俊，以“共同畅想...",2016-8-1710:37, 5938,http://www.52jingsai.com/data/attachment/portal/201608/17/103810h1z603l16hl3qc6b.jpg.thumb.jpg
首届中国iOS应用开发大赛,http://www.52jingsai.com/article-2505-1.html,报名截止时间：2016年11月30日//主办单位：松山湖（生态园）管理委员会；承办单位：东莞至道信息科技有限公司；支持单位：Apple公司，我爱竞赛网//奖项：特等奖1名：奖金人民币10万元一等奖3名：奖金人民币5万/名...,2016-8-1613:45, 4257,http://www.52jingsai.com/data/attachment/portal/201608/16/134806bv9j9aarinnddnrd.png.thumb.jpg
青春燃起来，腾讯GAD ・ 2016全国高校游戏创意设计大赛,http://www.52jingsai.com/article-2368-1.html,截稿日期：2016年8月14日//奖项：一等奖（1名）20000元，二等奖（1名）20000元，三等奖（1名）6000元//除了2万大奖之外，赛事将对你的游戏作品产生莫大帮助、提供平台和推广等宝贵机会，也可以为在校生提供逆袭的机...,2016-7-2311:20, 4720,http://www.52jingsai.com/data/attachment/portal/201607/23/112920mohhozizb5l5yo5o.png.thumb.jpg
“点亮盲人的世界”信息无障碍大赛,http://www.52jingsai.com/article-2307-1.html,"报名截止日期：2016年8月24日//主办方:中国信息无障碍产品联盟、腾讯基金会和CSDN//奖项:优秀奖(5名)10000元,入围奖(10名)2000元,参与奖200元",2016-7-912:02, 4495,http://www.52jingsai.com/data/attachment/portal/201607/09/120511y2ltnhr20ildlmoo.png.thumb.jpg
携程云海大数据算法竞赛,http://www.52jingsai.com/article-2237-1.html,报名截止日期：2016年08月15日//奖金池共50000元人民币，奖项包括：冠军：1支队伍，奖金30000元人民币+获奖证书；优秀奖：2支队伍，奖金10000元人民币+获奖证书；,2016-6-3010:57, 4809,http://www.52jingsai.com/data/attachment/portal/201606/30/105656tmomqsmhlpqh24mu.jpg.thumb.jpg
2016大陆集团校园代码优化大赛,http://www.52jingsai.com/article-2218-1.html,大赛名称：2016大陆集团校园代码优化大赛报名截止日期：2016年6月30日|参赛要求参赛形式：学生以个人名义提交作品参赛资格：在校大学生竞赛时间：现已接受报名参赛方式：注册并下载试题，并在活动官网上传参赛作品|...,2016-6-2011:38, 4140,http://www.52jingsai.com/data/attachment/portal/201606/20/113753kw4ilirkw9rwv8vr.jpg.thumb.jpg
2016年第九届“英特尔杯”全国大学生软件创新大赛,http://www.52jingsai.com/article-2118-1.html,大赛名称：2016年第九届“英特尔杯”全国大学生软件创新大赛报名截止日期：2016年5月31日【大赛简介】为了进一步提升大学生创新思维，全面推动软件行业发展，促进软件专业技术人才培养，为国家软件产业输出有创新...,2016-5-1710:27, 6525,http://www.52jingsai.com/data/attachment/portal/201605/17/102704yk8hm7m8ggm87tgx.jpg.thumb.jpg
华为“创想杯”校园开发者大赛,http://www.52jingsai.com/article-2078-1.html,大赛名称：华为“创想杯”校园开发者大赛报名截止日期：2016年7月15日大赛详情华为“创想杯”校园开发者大赛，是华为公司面向在校学生打造的移动应用开发竞赛平台，旨在为有创新梦想的年轻人提供竞技和展示的舞台...,2016-5-711:19, 11055,http://www.52jingsai.com/data/attachment/portal/201605/07/111846y21bwxewyhlykb8v.jpg.thumb.jpg
2016年第12届百度之星编程大赛,http://www.52jingsai.com/article-2018-1.html,报名截止日期：2016年5月13日大赛介绍一年一度的Astar百度之星程序设计大赛由中国领先的互联网企业――百度公司举办，从2005年至今已成功举办了十一届。作为中国互联网行业最具知名度、最有影响力的大学生程序设计大...,2016-4-1912:00, 9174,http://www.52jingsai.com/data/attachment/portal/201604/19/120026w9t4bf9z9uuwwbrp.jpg.thumb.jpg
中国高校计算机大赛――大数据挑战赛,http://www.52jingsai.com/article-1968-1.html,大赛名称：中国高校计算机大赛――大数据挑战赛主办单位：教育部高等学校计算机类专业教学指导委员会、软件工程专业教学指导委员会、计算机课程教学指导委会和全国高等学校计算机教育研究会承办单位：阿里云、清华...,2016-4-511:30, 7435,http://www.52jingsai.com/data/attachment/portal/201604/05/113036yo3w0oaboqe4bbiv.jpg.thumb.jpg
微软编程之美2016挑战赛,http://www.52jingsai.com/article-1953-1.html,大赛名称：微软编程之美2016挑战赛主办单位：微软报名截止日期：2016年4月23日大赛详情编程之美挑战赛是微软面向学生开展的大型编程比赛，自2012年以来已成功举办了四届比赛。它致力于帮助学生了解、运用先进的...,2016-3-3016:52, 6437,http://www.52jingsai.com/data/attachment/portal/201603/30/165237nskk6mqbmekbmd6b.jpg.thumb.jpg
2016中国高校计算机大赛－移动应用创新赛,http://www.52jingsai.com/article-1932-1.html,大赛名称：2016中国高校计算机大赛－移动应用创新赛报名截止日期：2016年03月31日23时59分赛事介绍中国高校计算机大赛(ChinaCollegiateComputingContest，简称C4)是面向全国高校各专业在校学生的科技类竞赛活...,2016-3-2410:49, 8007,http://www.52jingsai.com/data/attachment/portal/201603/24/104800lgyiigev0geyrcsx.jpg.thumb.jpg
2016华为软件精英挑战赛（Code Craft）,http://www.52jingsai.com/article-1841-1.html,大赛名称：2016华为软件精英挑战赛报名截止日期：2016年4月11日大赛介绍2016华为软件精英挑战赛（2016HuaweiCodeCraft）是华为公司面向全球大学生举办的大型软件竞赛，致力于让参赛学生充分感受软件改变世界魅...,2016-3-500:23, 9778,http://www.52jingsai.com/data/attachment/portal/201603/05/002320i633q2wgczbp6so3.jpg.thumb.jpg
2016年第五届中国软件杯大学生软件设计大赛,http://www.52jingsai.com/article-1739-1.html,大赛名称：2016年第五届中国软件杯大学生软件设计大赛报名截止日期：2016年4月30日一、大赛简介为贯彻落实《国家中长期教育改革和发展规划纲要(2010-2020年)》，科学引导高校青年学子积极参加科研活动，切实增强自...,2016-2-2015:55, 9480,http://www.52jingsai.com/data/attachment/portal/201602/20/155503u566wxhrw0fapz0g.jpg.thumb.jpg
2016年（第9届）中国大学生计算机设计大赛,http://www.52jingsai.com/article-1729-1.html,大赛名称：2016年（第9届）中国大学生计算机设计大赛报名截止日期：2016年3月份（校内预赛时间：2016年春季，详询各学校团委）主办单位：教育部高等学校计算机类专业教学指导委员会、软件工程专业教学指导委员会、...,2016-2-1500:13, 8809,http://www.52jingsai.com/data/attachment/portal/201602/15/001225pe0m6intnepg0imh.jpg.thumb.jpg
2016年第四届 “多迪杯”全国大学生网站设计开发大赛,http://www.52jingsai.com/article-1704-1.html,大赛名称：2016年第四届“多迪杯”全国大学生网站设计开发大赛报名截止日期：2016年3月15日2016年“第四届‘多迪杯’全国大学生网站设计开发大赛”（下简称“大赛”）于2015年1月15日正式启动。“多迪杯”全国大...,2016-1-2014:09, 11545,http://www.52jingsai.com/data/attachment/portal/201601/20/140931bwh7fjrhxw6rfd0r.png.thumb.jpg
第一届H5设计大赛,http://www.52jingsai.com/article-1694-1.html,大赛名称：第一届H5设计大赛报名截止日期：2016年1月25日一、大赛简介随着移动互联网的光速发展，H5微场景首当其冲成为了2014年以来最成功的营销手段。咫尺微页作为H5微场景制作工具在移动时代的营销价值迅速得到...,2016-1-1412:55, 14734,http://www.52jingsai.com/data/attachment/portal/201601/14/125423kwzymj66sijsnmws.jpg.thumb.jpg
百度移动游戏开发者大赛,http://www.52jingsai.com/article-1681-1.html,"大赛名称：百度移动游戏开发者大赛报名截止日期：2016年2月29日“百度移动游戏开发者大赛”致力挖掘处于创业初期的，有潜力的开发者团队，提供从渠道资源,市场传播和基础服务想结合的最顶级一站式服务体验，全力...",2016-1-710:51, 5133,http://www.52jingsai.com/data/attachment/portal/201601/07/105125cxxm99ecwcmrxucu.jpg.thumb.jpg
2016 DJI开发者大赛正式启动，10万美元等你来拿！,http://www.52jingsai.com/article-1679-1.html,大赛名称：2016年DJI开发者大赛报名截止日期：2016年03月10日科技，改变了我们的生活，科技，让世界时刻发生着天翻地覆的变化。科技是什么？有人说，科技创造未来，有人说，科技决定人类的面貌，有人说，科技...,2016-1-611:58, 7950,http://www.52jingsai.com/data/attachment/portal/201601/06/115757oh9u99jy991uhxon.jpg.thumb.jpg
2016年全国大学生智能设备Apps创新大赛,http://www.52jingsai.com/article-1659-1.html,大赛主题：2016年全国大学生智能设备Apps创新大赛报名截止日期：2016年2月29日赛事介绍本次大赛由苹果公司、清华大学和中国高校创新创业教育联盟三方联合主办，由清华大学数据科学研究院具体组织实施，拟在全国高校...,2015-12-2510:48, 10644,http://www.52jingsai.com/data/attachment/portal/201512/25/104842lhahq3j8oprttsrj.jpg.thumb.jpg
第三届全国高校SDN网络应用创新开发大赛,http://www.52jingsai.com/article-1643-1.html,主题：第三届全国高校SDN网络应用创新开发大赛报名截止时间：2016年3月31日大赛主题本赛项以软件定义网络（SDN）创新应用为主要内容；提升网络虚拟空间技术层次，适应网络信息新技术人才培养的要求和特点，注重引领...,2015-12-1512:29, 5537,http://www.52jingsai.com/data/attachment/portal/201512/15/122841ftv9evyvt32yv2sn.png.thumb.jpg
2016年ASC亚洲大学生超级计算机竞赛,http://www.52jingsai.com/article-1617-1.html,大赛名称：2016年ASC亚洲大学生超级计算机竞赛报名截止日期：2016年1月初结束备注：下文为我爱竞赛网根据官网WEB页翻译所得，如由于本信息中的误译、错译、漏译等而对使用者和阅读者造成后果者，我爱竞赛网不承担任...,2015-12-409:24, 6520,http://www.52jingsai.com/data/attachment/portal/201512/04/112408cjaeuc9ggta916gq.jpg.thumb.jpg
2015游戏蛮牛杯第四届开发者大赛,http://www.52jingsai.com/article-1598-1.html,主题：2015游戏蛮牛杯第四届开发者大赛报名截止时间：2015年11月30日大赛简介由华宸互动科技（北京）有限公司主办，是一个面向技术开发者的大型赛事，自2012年起已成功举办三届，目前已成为业界内知名度高、影响力广...,2015-11-2518:43, 3883,http://www.52jingsai.com/data/attachment/portal/201511/25/184018fc1vj7oshsv7ze7w.png.thumb.jpg
第二届“XCTF”国际网络安全技术对抗联赛,http://www.52jingsai.com/article-1582-1.html,大赛名称：第二届“XCTF”国际网络安全技术对抗联赛报名截止日期：2016年4月结束第二届XCTF联赛进一步从全国联赛升级成为国际联赛。在“一带一路”国际战略背景下，以及首届XCTF全国联赛成功举办的基础上，第二届XCT...,2015-11-1822:08, 4745,http://www.52jingsai.com/data/attachment/portal/201511/18/220841axbhh7eeqqq7xnb5.jpg.thumb.jpg
百度开发者创新大赛――智能语音2015,http://www.52jingsai.com/article-1566-1.html,大赛名称：百度开发者创新大赛――智能语音2015报名截止日期：2015年11月20日语音作为人类沟通和获取信息最自然便捷的方式，正在迅速成为用户应用界面的关键元素。语音识别越来越智能，人们在获取信息、通讯交流、...,2015-11-1212:18, 4073,http://www.52jingsai.com/data/attachment/portal/201511/12/121725vo9xqoawdoo5zxno.jpg.thumb.jpg
华为Anyoffice2015HTML5应用开发大赛,http://www.52jingsai.com/article-1554-1.html,"大赛名称：华为Anyoffice2015HTML5应用开发大赛参赛截止日期：2016年1月25日你的梦想是否包括：想成为下一个“微信”、""陌陌""的开创人？想成为下一个世界闻名的黑客？想运用移动技术，改善我们可怕的雾霾天气...",2015-11-711:18, 5351,http://www.52jingsai.com/data/attachment/portal/201511/07/111903gsujwgugt33ztwtt.jpg.thumb.jpg
“全志杯”微创客高校挑战赛,http://www.52jingsai.com/article-1549-1.html,大赛名称：“全志杯”微创客高校挑战赛报名截止日期：2015.12.05一、大赛简介“全志杯”微创客高校挑战赛是由全志科技(AllwinnerTech)联合合作伙伴Google、ARM公司为全国大学生倾力打造的一项电子设计竞赛。本次大赛...,2015-11-512:54, 5427,http://www.52jingsai.com/data/attachment/portal/201511/05/125347rd571vjdh1blbdw8.jpg.thumb.jpg
释放心中的野“码”――饿了么黑客马拉松大赛,http://www.52jingsai.com/article-1545-1.html,大赛名称：释放心中的野“码”――饿了么黑客马拉松大赛报名截止日期：2015年11月29日给你24小时，你会写些什么？一个故事，一封情书？为什么不试试写一段改变世界的代码？中国领先的在线外卖平台――饿了么，现在，...,2015-11-412:32, 5892,http://www.52jingsai.com/data/attachment/portal/201511/04/125922caurp6jsmrfd1zs1.jpg.thumb.jpg
第三届全国高校物联网应用创新大赛,http://www.52jingsai.com/article-1505-1.html,主题：2016年（2015-2016）第三届全国高校物联网应用创新大赛报名截止日期：2015年12月25日大赛简介全国高校物联网应用创新大赛是面向全国高校开展的物联网竞赛活动，旨在培养学生在物联网方面的学习能力、创新意识...,2015-10-2012:26, 6620,http://www.52jingsai.com/data/attachment/portal/201510/20/122317fk2lkzda2t2g4ait.jpg.thumb.jpg
第七届蓝桥杯全国软件和信息技术专业人才大赛,http://www.52jingsai.com/article-1491-1.html,大赛名称：第七届蓝桥杯全国软件和信息技术专业人才大赛报名截止日期：2015年12月15日为贯彻落实《国家中长期教育改革和发展规划纲要(2010-2020年)》和《国务院关于印发进一步鼓励软件产业和集成电路产业发展若干政...,2015-10-1513:25, 5971,http://www.52jingsai.com/data/attachment/portal/201510/15/132526ycwz4t5cc7tzwcnp.jpg.thumb.jpg
2015中国信息安全技能竞赛（ISG）技术挑战赛,http://www.52jingsai.com/article-1479-1.html,大赛名称：2015中国信息安全技能竞赛（ISG）技术挑战赛主办单位：中国信息安全职业技能竞赛(ISG)组委会报名截止日期：10月16日为办好中国信息安全技能竞赛（ISG）技术挑战赛2015，确保此次赛事活动的公开、公平和...,2015-10-1211:56, 4843,http://www.52jingsai.com/data/attachment/portal/201510/12/115528c3c8odd3cc1d58ci.jpg.thumb.jpg
2015年全国大学生互联网+创新大赛暨第三届发现杯全国大学生互联网软件设计大奖赛,http://www.52jingsai.com/article-1476-1.html,大赛名称：2015年全国大学生互联网+创新大赛暨第三届发现杯全国大学生互联网软件设计大奖赛报名截止日期：12月31日大赛官网通知各有关高校：为贯彻落实国务院《关于积极推进“互联网+”行动的指导意见》（国发〔201...,2015-10-1111:51, 9840,http://www.52jingsai.com/data/attachment/portal/201510/11/115100chq3klkmzklm4hhm.jpg.thumb.jpg
2015年ACM(ICPC)国际大学生程序设计竞赛（亚洲赛区）,http://www.52jingsai.com/article-1369-1.html,"大赛名称：2015年ACM(ICPC)国际大学生程序设计竞赛（亚洲赛区）报名截止日期：长春站网络赛报名截止2015/9/6日一、大赛简介ACM国际大学生程序设计竞赛（ACMInternationalCollegiateProgrammingContest,简称AC...",2015-8-3112:49, 6701,http://www.52jingsai.com/data/attachment/portal/201508/31/124903tuex222ts7zhvvhf.jpg.thumb.jpg
第二届全国高校云计算应用创新大赛,http://www.52jingsai.com/article-1356-1.html,"大赛名称：第二届全国高校云计算应用创新大赛报名截止日期：2015年10月31日为引导高校云计算在教育教学、科研工作及产学研的深化发展,培养学生的创新意识、实践能力和团队合作精神，为全国高校搭建一个云计算科技创...",2015-8-2711:52, 4233,http://www.52jingsai.com/data/attachment/portal/201508/27/115205x8votyh8ivifo9t5.jpg.thumb.jpg
“游族杯”上海开放数据创新应用大赛,http://www.52jingsai.com/article-1349-1.html,"大赛名称：2015年“游族杯”上海开放数据创新应用大赛参赛截止日期：9月13日主办单位：上海市经济和信息化委员会、上海市交通委员会活动对象：领队必须为中国国籍，年满18周岁,其他所有团队成员的年龄不限、国籍...",2015-8-2417:52, 3687,http://www.52jingsai.com/data/attachment/portal/201508/24/175200d3dojfqqkscsq37z.jpg.thumb.jpg
2015 IBM Bluemix 在线应用开发大赛,http://www.52jingsai.com/article-1337-1.html,大赛名称：2015IBMBluemix在线应用开发大赛报名截止日期：10月31日大赛背景介绍快加入我们！在云计算、移动技术、认知计算、大数据、物联网等新的技术热潮下，IBMBluemix平台为其开发者开放了以上服务，为鼓励开...,2015-8-2016:57, 3404,http://www.52jingsai.com/data/attachment/portal/201508/20/165655nq8ixglghhhlh671.jpg.thumb.jpg
第二届全国高校移动互联网应用开发创新大赛,http://www.52jingsai.com/article-1312-1.html,大赛名称：第二届全国高校移动互联网应用开发创新大赛报名截止日期：2015年10月1日为进一步提高高校学生在移动互联网领域的应用创新能力，培养学生团队的自主创新创业意识，促进高校积极开展相关专业实践和技术人...,2015-8-1113:05, 4475,http://www.52jingsai.com/data/attachment/portal/201508/11/130453dji3ui3xd3tacagu.jpg.thumb.jpg
“5秒杯”HTML5游戏原创大赛,http://www.52jingsai.com/article-1254-1.html,大赛名称：“5秒杯”HTML5游戏原创大赛报名截止日期：2015年11月25日众多HTML5游戏开发比赛在2015之夏火热登场，由中国电信“爱游戏”与5秒轻游戏联合主办的“5秒杯”HTML5游戏原创大赛于2015年7月20启动，诚邀全国...,2015-7-2311:50, 4072,http://www.52jingsai.com/data/attachment/portal/201507/23/114959iwbaawqtzhssuk5u.jpg.thumb.jpg
IBM大型主机技术应用2015全国校园大赛,http://www.52jingsai.com/article-1202-1.html,大赛名称：IBM大型主机技术应用2015全国校园大赛报名截止日期：2015年9月15日1大赛概述1.1.定义IBM大型主机技术应用2015全国校园大赛（以下简称“大赛”）是由国际商业机器（中国）有限公司（以下简称“IBM中国”...,2015-7-612:21, 4883,http://www.52jingsai.com/data/attachment/portal/201507/06/122101yn314h2x41a2vbv1.jpg.thumb.jpg
Atmel&京东智能硬件创新设计PK大赛,http://www.52jingsai.com/article-1166-1.html,大赛名称：Atmel京东智能硬件创新设计PK大赛报名截止日期：2015年7月25日创世出英雄－Atmel与京东智能广邀各路创客挑战智能硬件创新设计PK大赛「精(Duang)-万物互联丶安全无限智能硬件创新设计PK大赛」由领先...,2015-6-2617:50, 6245,http://www.52jingsai.com/data/attachment/portal/201506/26/175009mkdnkt7td97b75bd.jpg.thumb.jpg
2015年第四届“中科杯”全国软件设计大赛,http://www.52jingsai.com/article-1052-1.html,大赛主题：2015年第四届“中科杯”全国软件设计大赛报名截止时间：2015年6月15日24时一、大赛简介“中科杯”全国软件设计大赛是中国科学院软件研究所于2009年发起，中国软件行业协会和中国科学院软件研究所共同主办...,2015-5-2912:54, 14421,http://www.52jingsai.com/data/attachment/portal/201505/29/125437hkkklzlttkkjle2x.png.thumb.jpg
2015全国大学生移动应用创新大赛（CMAIT 2015）,http://www.52jingsai.com/article-959-1.html,大赛名称：2015全国大学生移动应用创新大赛（CMAIT2015）报名截止日期：2015年9月30日23:59大赛简介全国大学生移动应用创新大赛已于2014年成功举办首届赛事，大赛将为大学生搭建一个以移动互联网为工具，展示创新...,2015-5-912:22, 6068,http://www.52jingsai.com/data/attachment/portal/201505/09/122224gyrw3w9kyvg0ysg0.jpg.thumb.jpg
2015年华为软件精英挑战赛,http://www.52jingsai.com/article-927-1.html,大赛主题：2015年华为软件精英挑战赛截止日期：5月30日一、大赛简介2015华为软件精英挑战赛（2015HuaweiSoftwareEliteChallenge）是华为公司面向全国高校学生举办的大型软件竞赛，致力于让参赛学生充分感受软件...,2015-5-113:04, 4354,http://www.52jingsai.com/data/attachment/portal/201505/01/130257dzhlyhntbjt676kz.jpg.thumb.jpg
“麦芒杯”第一届全国研究生移动终端应用设计创新大赛,http://www.52jingsai.com/article-910-1.html,"大赛名称：“麦芒杯”第一届全国研究生移动终端应用设计创新大赛报名截止日期：2015年6月6日一、大赛简介全国研究生移动终端应用设计创新大赛（英文名称：ChinaGraduateContestonApplication,DesignandInnov...",2015-4-2813:30, 3634,http://www.52jingsai.com/data/attachment/portal/201504/28/133022pf1te1xgdy0fe95x.jpg.thumb.jpg
2015 Unique Hack Day全国大学生二十四小时极限编程马拉松大赛,http://www.52jingsai.com/article-844-1.html,大赛名称：2015UniqueHackDay全国大学生二十四小时极限编程马拉松大赛报名截止日期：2015年5月5日24:00UniqueHackDay大赛简介什么是UniqueHackDay？UniqueHackDay是一项面向全国大学生的黑客马拉松，它将...,2015-4-1611:46, 4527,http://www.52jingsai.com/data/attachment/portal/201504/16/114504cioaobzo4ofusoma.jpg.thumb.jpg
第三届“多迪杯”全国大学生网站设计开发大赛,http://www.52jingsai.com/article-815-1.html,主题：第三届“多迪杯”全国大学生网站设计开发大赛报名截止日期：2015年4月28日大赛背景“多迪杯”全国大学生网站设计开发大赛是一项面向中国在校学生的公益性赛事。本项技能大赛，旨在推进能力导向的专业实践教学...,2015-4-1115:53, 6381,http://www.52jingsai.com/data/attachment/portal/201504/11/155239iu2zfofj9xdo3sxw.jpg.thumb.jpg
2015移动互联网开发大赛,http://www.52jingsai.com/article-793-1.html,大赛名称：2015移动互联网开发大赛报名截止日期：4月30日指导单位：上海市教委主办单位：腾讯・大申网、腾讯开发平台、易班郭列从IDG创业大赛脱颖而出，成就了“脸萌”在APPStore金榜题名；张旭豪不停参加各种大赛...,2015-4-717:28, 4820,http://www.52jingsai.com/data/attachment/portal/201504/07/172804dnlkysvy9zuwhbay.jpg.thumb.jpg
微软2015编程之美挑战赛,http://www.52jingsai.com/article-748-1.html,大赛名称：微软2015编程之美挑战赛报名截止日期：4月19日大赛组委会主办方：微软亚太研发集团协办方：电气电子工程师学会(IEEE)承办方：微软学生技术俱乐部IEEE学生分会支持方：中国科技网亮码网络科技有限公司大...,2015-3-3122:19, 3783,http://www.52jingsai.com/data/attachment/portal/201503/31/221901u72oz6cr6oscj6xp.png.thumb.jpg
2015年DJI开发者大赛,http://www.52jingsai.com/article-743-1.html,大赛名称：2015年DJI开发者大赛报名截止日期：5月10日基于DJI提供的MobileSDKAPIs，参赛队伍自行提交APP应用创意设计并实现。DJIMobileSDK会开放相机、WIFI中继、云台、飞控状态信息获取以及地面站与飞行控制等...,2015-3-3021:04, 3630,http://www.52jingsai.com/data/attachment/portal/201503/30/210407o5lm5da5l5y18eoc.jpg.thumb.jpg
第十一届“花旗杯”金融创新应用大赛,http://www.52jingsai.com/article-711-1.html,大赛名称：第十一届“花旗杯”金融创新应用大赛报名截止日期：6月30日大赛介绍大赛概要为了加强对金融信息化复合型人才的培养，促进中国金融信息科技的快速发展，花旗于2004年4月正式成立了花旗金融信息科技教育项...,2015-3-2210:52, 4167,http://www.52jingsai.com/data/attachment/portal/201503/22/105333vaqmyvdyq88a88da.jpg.thumb.jpg
2015第二届阿里巴巴安全技术竞赛(ALICTF),http://www.52jingsai.com/article-691-1.html,大赛名称：2015第二届阿里巴巴安全技术竞赛(ALICTF)报名截止日期：2015年3月27日大赛简介简介：ALICTF是由阿里巴巴主办。致力于以实战来检验参赛者的实力，最后给予丰厚奖励以及聘用。大赛总决赛将于阿里巴巴总部西...,2015-3-1711:22, 4566,http://www.52jingsai.com/data/attachment/portal/201503/17/112249xjzj97xq0l91000q.jpg.thumb.jpg
2015年第四届“中国软件杯”大学生软件设计大赛,http://www.52jingsai.com/article-588-1.html,大赛主题：2015年第四届“中国软件杯”大学生软件设计大赛报名截止日期：2015年4月30号一、大赛目的通过大赛搭建软件和信息技术服务业产学合作平台，加强高校人才培养和产业需求的有效衔接，加快培育软件人才，增强...,2015-1-2913:42, 3629,http://www.52jingsai.com/data/attachment/portal/201501/29/134156fz0rmt56rzr2cz6h.jpg.thumb.jpg
2015首届中国青年APP大赛,http://www.52jingsai.com/article-568-1.html,大赛名称：首届中国青年APP大赛报名截止日期：2015年4月30日大赛概况：背景：为深入贯彻落实习近平总书记系列重要讲话和党的十八届三中、四中全会精神，在全社会进一步营造关心、重视、支持青年创业创新创优的良...,2015-1-2216:51, 5273,http://www.52jingsai.com/data/attachment/portal/201501/22/164756sgwzzfxje93y9fhy.jpg.thumb.jpg
中国移动 Ubuntu开发者创新大赛,http://www.52jingsai.com/article-484-1.html,大赛主题：中国移动Ubuntu开发者创新大赛报名起止日期：2015年1月1日-2015年4月30日提交作品：2015年3月1日-2015年4月30日Ubuntu开发者创新大赛由Canonical与中国移动联合举办，面向开发者公开征集优秀适配Ubunt...,2014-12-2321:33, 3431,http://www.52jingsai.com/data/attachment/portal/201412/23/212831pdci4o1tp3b8i93i.png.thumb.jpg
微信硬件创新大赛,http://www.52jingsai.com/article-428-1.html,"微信硬件创新大赛今年8月，微信公众平台开放设备接入功能，使公众帐号可以绑定设备和传输设备数据，让设备能与亿万微信用户相连接。微信公众平台设备接入功能是微信开放平台的物联解决方案，支持各类智能设备接入,开...",2014-12-920:40, 3768,http://www.52jingsai.com/data/attachment/portal/201412/09/203914r1g1zsh09shjr3e0.jpg.thumb.jpg
2015年“毕N杯”全国电子创新设计及物联网应用系统设计竞赛,http://www.52jingsai.com/article-376-1.html,大赛主题：2015年“毕N杯”全国电子创新设计及物联网应用系统设计竞赛参赛对象：全日制在校电子类、计算机类或相关专业的研究生、本科生、高职高专生报名截止日期：2015年2月1日大赛章程：一、竞赛宗旨纪念中华民...,2014-11-2813:49, 6097,http://www.52jingsai.com/data/attachment/portal/201411/28/134906liiofoylfusfyfug.jpg.thumb.jpg
IBM全国高校移动创新应用开发大赛,http://www.52jingsai.com/article-302-1.html,大赛主题：梦，握在自己手里――IBM全国高校移动创新应用开发大赛参赛截止日期：2014年12月12日亲爱的同学们，你是否也有这样的困惑:苦恼哪里可以学习到一手的IBM移动开发技能？希望能在IBM搭建的高水平的大赛...,2014-11-1123:31, 4209,http://www.52jingsai.com/data/attachment/portal/201411/11/233243v242q8w24icl48w4.jpg.thumb.jpg
第六届“蓝桥杯”全国软件和信息技术专业人才大赛,http://www.52jingsai.com/article-209-1.html,大赛主题：第六届“蓝桥杯”全国软件和信息技术专业人才大赛报名截止日期：12月15日各省、自治区、直辖市教育厅（教委），各高等学校：为贯彻落实《国家中长期教育改革和发展规划纲要(2010-2020年)》和《国务院关于...,2014-10-2215:29, 3428,http://www.52jingsai.com/data/attachment/portal/201410/22/152843dl71bvmz9z4f00p2.jpg.thumb.jpg
创拓中国2014大学生移动互联创新创意大赛,http://www.52jingsai.com/article-202-1.html,大赛主题：创拓中国2014大学生移动互联创新创意大赛报名截止日期：2014年11月20日从一个创意到成为创业项目要走多久？今天，你将获得一个验证的机会！这个机会不仅可以令有着创意的你赢得奖金和奖杯，还可以赢...,2014-10-2016:45, 3795,http://www.52jingsai.com/data/attachment/portal/201410/20/164439gtsudd0ha5ddtgi4.jpg.thumb.jpg
2014Spark开发者大赛,http://www.52jingsai.com/article-188-1.html,大赛主题：2014Spark开发者大赛参赛截止日期：2014年10月25日大赛背景移动互联网及云计算大数据的浪潮正在并将最终彻底的变革所有的公司和机构的架构模式、生产模式、服务模式以及管理模式。伴随着大数据相关技术和...,2014-10-1716:43, 3069,http://www.52jingsai.com/data/attachment/portal/201410/17/164247qmevzmh1gwe4fccz.jpg.thumb.jpg
2014年-2015年第二届全国高校物联网应用创新大赛,http://www.52jingsai.com/article-183-1.html,大赛主题：第二届全国高校物联网应用创新大赛报名截止日期：11月16日一、大赛目的：举办此次全国高校物联网应用创新大赛是为了激发高校学生积极参与物联网知识学习与创新的热情，提高高校学生在物联网技术相关领域...,2014-10-1516:41, 4216,http://www.52jingsai.com/data/attachment/portal/201410/15/164144o03dpd0l0833bvm0.jpg.thumb.jpg
第一届全国高校云计算应用创新大赛,http://www.52jingsai.com/article-154-1.html,主办单位：互联网应用创新开放平台联盟报名截止日期：2014年10月31日全国高校云计算应用创新大赛，旨在培养学生在云计算方面的学习能力、创新意识和动手能力，为全国高校...,2014-10-616:48, 3738,http://www.52jingsai.com/data/attachment/portal/201410/06/164802u19xcaa2bezpxa6e.jpg.thumb.jpg
三星S Pen应用创意大赛,http://www.52jingsai.com/article-120-1.html,大赛主题：三星SPen应用创意大赛最高奖金：10万元截止日期：2014年10年15移动互联浪潮中，中国三星电子一直以前沿的中坚力量走在科技之前，为了促进大学生发挥积极创新、科学创意的精神，激发广大学生创新创意热...,2014-9-2211:40, 4399,http://www.52jingsai.com/data/attachment/portal/201409/22/113959uw4ui69cgrv9i462.jpg.thumb.jpg
第二届北大汇丰-中国银行全国高校移动金融应用开发设计大赛,http://www.52jingsai.com/article-89-1.html,大赛主题：北大汇丰-中国银行全国高校移动金融应用开发设计大赛报名截止日期：10月31日大赛背景：随着移动通讯技术的飞速发展和普及，互联网逐渐成为了新经济的载体、新文化的缔造者和新生活的重要内容，由...,2014-9-1118:01, 3023,http://www.52jingsai.com/data/attachment/portal/201409/11/180053f3tlze4ytpz3o3xz.jpg.thumb.jpg
